username,password
liesu@aszonis.mw1,zxrSe
lughipjom@bakme.gy1,xkeSY
zouk@aglaj.kg1,zTGit
fi@niori.com,5Omum
bikga@ujupuwa.cd,NObAc
osbof@gun.cd,&GJ]0
honwa@sejla.kn,lMdkv
jelha@mojnalfeb.lk,4FNf4
rekwib@utcer.gt,SpeD*
wigizebic@ruufi.hn,inbrz
ci@bumju.pt,FI)H[
pacdugok@cetje.gs,4Fd6(
puc@paka.mo,aetww
acufat@duanuso.ne,TnXgQ
setjahja@ge.vn,2]thu
ajeal@wi.be,3x&*2
cotib@gov.ac,wAjeG
nusdo@ovutugkel.gn,h)j5p
fu@efwow.gf,lvInm
bone@pogohog.so,krR!R
me@fenrabe.tz,NZT$^
hiridmad@obnis.by,6NT5q
vu@sasabosu.mv,(lngG
el@ikorir.cc,QUI^m
rihon@lak.sn,SWqo@
buage@sahcipe.lk,7AM5J
idamifza@fi.fi,(dm7P
vof@ezufiz.mg,P4)L8
kuzrowow@iwaezzen.gq,pRKpC
ive@noz.gov,9KiOZ
et@pikoz.jp,1^4F3
okzir@meacifu.cw,JQ7*b
vanjuib@opzi.ck,%zVc2
pahoran@ar.es,7LrJ2
su@jivaku.nl,7E*hY
necat@bim.dz,5i0K8
fan@huvanir.pw,eyisr
da@fuw.ck,QwETL
kobwojeda@sal.li,tnv2d
nefho@gicacumo.aw,IkFlz
givi@nuci.mp,7]f9s
jidoku@wegmijomi.cw,L03NQ
hiz@wen.org,(Jz5O
fu@macwevod.gh,SGXuC
gen@karulud.eu,cl!9b
fuz@heb.no,#JrQv
pe@ifinev.cv,8UcyI
jiwehe@nuke.ro,Q46X2
jot@jos.sb,J]tz!
veuhce@gesodidu.il,r%1HM
coleduk@molva.uy,A[Z0Q
ut@hosbug.gq,^qD3b
siganul@ajsa.sg,J0@0P
kamnijam@jogliv.by,KfbdZ
jambov@zarhaj.ly,cQq$S
igegeg@cadgunofe.np,3K]ad
mi@igifukom.fi,0GkSI
opnom@to.gm,@O[x!
lehivo@vu.sz,#2YN5
sovac@uhu.au,eRRSF
ongi@fipi.ec,Gl%42
nuftaja@ep.ua,k&RCK
saddogred@runutke.je,4jqVn
sohsuuje@gablahka.is,6SW!w
kuzhaglaz@ipirigbuj.sh,7[(Bv
zidan@mol.cu,]QQ6(
mustir@vinihane.bt,2G7VY
wejnu@difme.pw,W]f[]
nubolta@jawa.il,6HgeL
zo@vavle.fk,G%ZRJ
gugifuz@wonfage.im,uKz&w
etamoka@kudmibke.sj,RoYQI
ho@gumnegef.ao,GbiHN
huk@tiewi.an,]uBta
wimwuja@bino.tz,m%Pjh
celbaema@zecheblel.ps,LK6ON
atovi@uweha.bn,2*T6&
vatvadec@sotow.cz,qySjp
ewilana@hejgommis.cz,eI5E#
tiwul@fi.th,cO$87
voev@hazit.st,%W$T1
epfi@cuos.gy,]n3)#
havoj@ugeaha.pg,!(Ae7
wuc@geg.sc,1sxj]
hu@tabemo.bi,Plh1d
hegkufok@iwzopuk.mw,1LQ%M
goudu@as.be,ISVTI
nof@go.no,OyKtu
luh@posukul.bh,GjVzT
fu@be.su,ZlWUn
etasew@di.zw,GW6OU
tuk@imohun.ru,4gvO]
ahgum@kafhibu.il,hAiEh
saajosa@ase.org,32acU
muuje@cadavci.br,ZAF2n
zavvoti@guwlal.lv,fL)DV
venotop@vaeh.pa,OB53y
tedehgu@vimbel.ag,j6o]@
agnoj@ihmenin.mq,WFp4W
fa@fosa.gy,#^2^O
